<application>
  <component name="com.sberworks.sberai.service.settings.AppSettingsState">
    <option name="authUrl" value="https://gigacode.ru/oauth2/token" />
    <option name="authV2Url" value="https://gigacode.ru/api/v1/account/auth/plugin" />
    <option name="chatUrl" value="https://gigacode.ru/api/v1/chat/completions" />
    <option name="codeReviewUrl" value="https://gigacode.delta.sbrf.ru/review" />
    <option name="gitverseSignInUrl" value="https://gitverse.ru/services/gigacode" />
    <option name="landingUrl" value="https://gigacode.ru" />
    <option name="logsUrl" value="https://gigacode.ru/logs" />
    <option name="maxSuggestions" value="3" />
    <option name="maxTokens" value="400" />
    <option name="maxTokensFromOpenedFiles" value="200" />
    <option name="mlUrl" value="https://gigacode.ru/cmplstr" />
    <option name="sendFileName" value="true" />
    <option name="signInUrl" value="https://console.cloud.ru/projects/x/spa/gigacode" />
    <option name="testSuiteUrl" value="https://gigacode.delta.sbrf.ru/testgen" />
    <option name="timeout" value="3000" />
    <option name="unifiedUrl" value="https://gigacode.ru/plugin.json" />
    <option name="updaterUrl" value="https://gigacode.ru/jarvis/updatePlugins.xml" />
    <option name="vulnerabilityDetectionUrl" value="https://gigacode.delta.sbrf.ru/detection" />
    <option name="wholeLineCompletion" value="true" />
  </component>
</application>