<application>
  <component name="BatteryStatusSettings">
    <option name="batteryRefreshIntervalInMs" value="90000" />
    <option name="windowsBatteryFields" value="LifePercent,AC,LifeTime" />
    <option name="linuxBatteryCommand" value="acpi -b" />
    <option name="macosBatteryCommand" value="pmset -g batt" />
    <option name="macosPreferScriptShowBattPercent" value="false" />
    <option name="iconsSet" value="1" />
    <option name="lowPowerValue" value="25" />
    <option name="configurePowerSaverBasedOnPowerLevel" value="false" />
    <option name="useOshi" value="true" />
    <option name="oshiBatteryFields" value="$CHARGE_LVL$, $AC$, $DISCHARGE_EST_TIME_SHORT$$CHARGE_EST_TIME_SHORT$" />
  </component>
</application>