<application>
  <component name="ProjectManager">
    <defaultProject>
      <component name="ProjectViewState">
        <option name="autoscrollToSource" value="true" />
        <option name="hideEmptyMiddlePackages" value="true" />
        <option name="openDirectoriesWithSingleClick" value="true" />
        <option name="showExcludedFiles" value="false" />
        <option name="showLibraryContents" value="true" />
        <option name="showScratchesAndConsoles" value="false" />
      </component>
      <component name="PropertiesComponent"><![CDATA[{}]]></component>
    </defaultProject>
  </component>
</application>