<application>
  <component name="ProjectManager">
    <defaultProject>
      <component name="MaterialThemeProjectNewConfig">
        <option name="metadata">
          <MTProjectMetadataState>
            <option name="userId" value="1728f6c:1916b3903f9:-7df1" />
          </MTProjectMetadataState>
        </option>
      </component>
      <component name="ProjectViewState">
        <option name="autoscrollToSource" value="true" />
        <option name="hideEmptyMiddlePackages" value="true" />
        <option name="openDirectoriesWithSingleClick" value="true" />
        <option name="showExcludedFiles" value="false" />
        <option name="showLibraryContents" value="true" />
        <option name="showScratchesAndConsoles" value="false" />
      </component>
      <component name="PropertiesComponent">{}</component>
    </defaultProject>
  </component>
</application>