<keymap version="1" name="Windows copy" parent="$default">
  <action id="ActivateCommitToolWindow">
    <keyboard-shortcut first-keystroke="alt 0" />
    <keyboard-shortcut first-keystroke="alt g" />
  </action>
  <action id="ActivateProjectToolWindow">
    <keyboard-shortcut first-keystroke="alt 1" />
    <keyboard-shortcut first-keystroke="alt e" />
  </action>
  <action id="ActivateTerminalToolWindow">
    <keyboard-shortcut first-keystroke="alt f12" />
    <keyboard-shortcut first-keystroke="alt t" />
  </action>
  <action id="EditCustomVmOptions">
    <keyboard-shortcut first-keystroke="ctrl alt quote" />
  </action>
  <action id="EditorDeleteLine">
    <keyboard-shortcut first-keystroke="ctrl y" />
    <keyboard-shortcut first-keystroke="alt d" />
  </action>
  <action id="NewFile">
    <keyboard-shortcut first-keystroke="alt n" />
  </action>
  <action id="RenameElement">
    <keyboard-shortcut first-keystroke="shift f6" />
    <keyboard-shortcut first-keystroke="alt r" />
  </action>
  <action id="Run">
    <keyboard-shortcut first-keystroke="shift f10" />
    <keyboard-shortcut first-keystroke="alt w" />
  </action>
  <action id="ShowSettings">
    <keyboard-shortcut first-keystroke="ctrl alt s" />
    <keyboard-shortcut first-keystroke="ctrl comma" />
    <keyboard-shortcut first-keystroke="ctrl #1000431" />
  </action>
  <action id="WelcomeScreen.Plugins">
    <keyboard-shortcut first-keystroke="shift alt x" />
  </action>
</keymap>